Topic,Source,Year,Rank,Word,Beta,SourceRank,InSharedTopK
0,COHA,1922,1,man,3.824021e-03,19,False
0,COHA,1922,2,department,3.092275e-03,29,False
0,COHA,1922,3,important,3.077133e-03,30,False
0,COHA,1927,1,man,3.711379e-03,21,False
0,COHA,1927,2,power,3.585552e-03,24,False
0,COHA,1927,3,place,3.443174e-03,25,False
0,COHA,1932,1,credit,4.675010e-03,25,False
0,COHA,1937,1,man,3.737373e-03,27,False
0,COHA,1937,2,material,3.628082e-03,30,False
0,COHA,1942,1,public,4.250411e-03,25,False
0,COHA,1942,2,period,3.602041e-03,30,False
0,COHA,1947,1,small,3.692056e-03,26,False
0,COHA,1952,1,policy,3.677259e-03,26,False
0,COHA,1952,2,operation,3.434794e-03,29,False
0,COHA,1952,3,control,3.423861e-03,30,False
0,COHA,1957,1,control,3.565822e-03,26,False
0,COHA,1957,2,total,3.434577e-03,30,False
0,COHA,1962,1,important,3.234272e-03,28,False
0,COHA,1962,2,production,3.168946e-03,29,False
0,COHA,1967,1,man,3.364608e-03,25,False
0,COHA,1967,2,price,2.910381e-03,30,False
0,COHA,1972,1,show,3.661912e-03,22,False
0,COHA,1972,2,number,3.474068e-03,26,False
0,COHA,1972,3,total,3.318924e-03,28,False
0,COHA,1972,4,important,3.274434e-03,30,False
0,COHA,1977,1,major,3.827432e-03,28,False
0,COHA,1977,2,service,3.570057e-03,30,False
0,COHA,1982,1,information,3.223499e-03,29,False
0,COHA,1982,2,change,3.219128e-03,30,False
0,COHA,1987,1,small,3.265867e-03,28,False
0,COHA,1987,2,rate,3.205616e-03,29,False
0,COHA,1987,3,group,3.169298e-03,30,False
0,COHA,1992,1,state,3.067971e-03,20,False
0,COHA,1992,2,price,2.928914e-03,24,False
0,COHA,1992,3,power,2.871475e-03,26,False
0,COHA,1992,4,case,2.658288e-03,29,False
0,COHA,1997,1,profit,2.174271e-03,28,False
0,COHA,2002,1,people,2.798973e-03,24,False
0,COHA,2002,2,world,2.711088e-03,27,False
0,COHA,2002,3,group,2.654271e-03,29,False
0,COHA,2002,4,set,2.643146e-03,30,False
0,COHA,2007,1,price,4.040907e-03,23,False
0,COHA,2007,2,group,3.987289e-03,24,False
0,COHA,2007,3,industry,3.817345e-03,29,False
0,COHA,2012,1,year,2.262100e-03,11,False
0,COHA,2012,2,return,1.967641e-03,23,False
0,COHA,2012,3,board,1.906617e-03,27,False
0,COHA,2012,4,cost,1.897185e-03,28,False
0,COHA,2017,1,start,3.452004e-03,23,False
0,COHA,2017,2,show,3.373442e-03,27,False
0,HBR,1922,1,bank,4.534849e-03,13,False
0,HBR,1922,2,rate,4.532623e-03,14,False
0,HBR,1922,3,export,4.418086e-03,16,False
0,HBR,1922,4,cost,4.017895e-03,18,False
0,HBR,1922,5,material,3.606289e-03,22,False
0,HBR,1922,6,produce,3.520590e-03,24,False
0,HBR,1922,7,price,3.519053e-03,25,False
0,HBR,1922,8,exchange,3.351709e-03,26,False
0,HBR,1922,9,period,3.264343e-03,27,False
0,HBR,1922,10,depression,3.255781e-03,28,False
0,HBR,1922,11,reduce,3.250553e-03,29,False
0,HBR,1922,12,change,3.223359e-03,30,False
0,HBR,1927,1,bank,4.998215e-03,11,False
0,HBR,1927,2,stock,3.855671e-03,20,False
0,HBR,1927,3,volume,3.820173e-03,21,False
0,HBR,1927,4,loan,3.678393e-03,23,False
0,HBR,1927,5,demand,3.565838e-03,24,False
0,HBR,1927,6,gold,3.495428e-03,25,False
0,HBR,1927,7,wholesale,3.266650e-03,27,False
0,HBR,1927,8,factor,3.223351e-03,28,False
0,HBR,1932,1,credit,5.925015e-03,15,False
0,HBR,1937,1,material,5.334238e-03,12,False
0,HBR,1937,2,rate,5.127027e-03,17,False
0,HBR,1937,3,period,4.558970e-03,22,False
0,HBR,1937,4,income,4.179203e-03,25,False
0,HBR,1937,5,cost,3.976753e-03,29,False
0,HBR,1937,6,produce,3.921869e-03,30,False
0,HBR,1942,1,income,5.315386e-03,16,False
0,HBR,1942,2,period,4.999737e-03,18,False
0,HBR,1942,3,investment,4.403379e-03,22,False
0,HBR,1942,4,raw,4.123250e-03,24,False
0,HBR,1942,5,amount,4.112605e-03,25,False
0,HBR,1942,6,total,3.982010e-03,27,False
0,HBR,1942,7,consumer,3.945043e-03,28,False
0,HBR,1942,8,low,3.906336e-03,29,False
0,HBR,1942,9,sale,3.879471e-03,30,False
0,HBR,1947,1,capital,4.829245e-03,18,False
0,HBR,1947,2,period,4.415614e-03,21,False
0,HBR,1947,3,profit,4.141897e-03,24,False
0,HBR,1947,4,method,3.948016e-03,25,False
0,HBR,1947,5,saving,3.880766e-03,26,False
0,HBR,1947,6,import,3.867370e-03,28,False
0,HBR,1947,7,reduce,3.773152e-03,30,False
0,HBR,1952,1,stock,6.117181e-03,15,False
0,HBR,1952,2,purchase,4.947907e-03,18,False
0,HBR,1952,3,investment,4.744440e-03,19,False
0,HBR,1952,4,produce,4.434898e-03,23,False
0,HBR,1952,5,method,4.407874e-03,24,False
0,HBR,1952,6,capital,4.353489e-03,26,False
0,HBR,1952,7,operation,4.322124e-03,27,False
0,HBR,1952,8,product,3.924472e-03,28,False
0,HBR,1952,9,control,3.887093e-03,29,False
0,HBR,1957,1,total,6.199068e-03,10,False
0,HBR,1957,2,rate,6.000461e-03,13,False
0,HBR,1957,3,sale,5.142650e-03,19,False
0,HBR,1957,4,income,5.120798e-03,20,False
0,HBR,1957,5,profit,4.493643e-03,26,False
0,HBR,1957,6,unit,4.071915e-03,30,False
0,HBR,1962,1,rate,6.136977e-03,6,False
0,HBR,1962,2,price,5.269603e-03,14,False
0,HBR,1962,3,profit,4.638680e-03,16,False
0,HBR,1962,4,capital,4.390155e-03,17,False
0,HBR,1962,5,product,4.379400e-03,18,False
0,HBR,1962,6,production,4.085734e-03,21,False
0,HBR,1962,7,investment,3.781037e-03,25,False
0,HBR,1962,8,total,3.597442e-03,26,False
0,HBR,1962,9,capacity,3.555811e-03,28,False
0,HBR,1962,10,unit,3.542667e-03,29,False
0,HBR,1962,11,amount,3.383460e-03,30,False
0,HBR,1967,1,price,8.024590e-03,4,False
0,HBR,1967,2,unit,4.786166e-03,13,False
0,HBR,1967,3,sale,4.477232e-03,16,False
0,HBR,1967,4,investment,4.457870e-03,17,False
0,HBR,1967,5,tax,4.117478e-03,18,False
0,HBR,1967,6,estimate,4.005505e-03,22,False
0,HBR,1967,7,man,3.847176e-03,24,False
0,HBR,1967,8,method,3.846919e-03,25,False
0,HBR,1967,9,base,3.737401e-03,26,False
0,HBR,1972,1,total,5.535829e-03,13,False
0,HBR,1972,2,plant,4.838125e-03,15,False
0,HBR,1972,3,period,4.194274e-03,22,False
0,HBR,1972,4,fund,4.173768e-03,24,False
0,HBR,1972,5,number,4.095635e-03,25,False
0,HBR,1972,6,sale,3.918130e-03,26,False
0,HBR,1972,7,amount,3.911712e-03,27,False
0,HBR,1972,8,show,3.862767e-03,28,False
0,HBR,1972,9,low,3.662833e-03,29,False
0,HBR,1972,10,return,3.617515e-03,30,False
0,HBR,1977,1,conrad,6.242613e-03,9,False
0,HBR,1977,2,profit,4.697172e-03,17,False
0,HBR,1977,3,reduce,4.412251e-03,22,False
0,HBR,1977,4,manager,4.173407e-03,25,False
0,HBR,1977,5,product,4.105606e-03,26,False
0,HBR,1977,6,market,4.043275e-03,27,False
0,HBR,1977,7,total,3.962246e-03,29,False
0,HBR,1977,8,sale,3.853213e-03,30,False
0,HBR,1982,1,price,6.087068e-03,8,False
0,HBR,1982,2,company,5.625177e-03,11,False
0,HBR,1982,3,capital,4.325998e-03,22,False
0,HBR,1982,4,change,3.767740e-03,26,False
0,HBR,1982,5,manufacturing,3.764669e-03,27,False
0,HBR,1982,6,product,3.594685e-03,29,False
0,HBR,1987,1,competition,4.328617e-03,17,False
0,HBR,1987,2,plant,4.186730e-03,19,False
0,HBR,1987,3,rate,4.175529e-03,21,False
0,HBR,1987,4,investment,3.605850e-03,27,False
0,HBR,1987,5,corporate,3.595519e-03,28,False
0,HBR,1987,6,corporation,3.432603e-03,30,False
0,HBR,1992,1,price,5.570716e-03,11,False
0,HBR,1992,2,profit,4.509634e-03,16,False
0,HBR,1992,3,investor,3.840639e-03,19,False
0,HBR,1992,4,capital,3.285917e-03,21,False
0,HBR,1992,5,begin,3.037267e-03,24,False
0,HBR,1992,6,product,2.987456e-03,25,False
0,HBR,1992,7,investment,2.969060e-03,26,False
0,HBR,1992,8,interest,2.887089e-03,28,False
0,HBR,1992,9,competition,2.815845e-03,29,False
0,HBR,1992,10,result,2.801982e-03,30,False
0,HBR,1997,1,profit,3.046636e-03,20,False
0,HBR,1997,2,sale,2.899044e-03,23,False
0,HBR,1997,3,manufacturer,2.732639e-03,28,False
0,HBR,1997,4,competitor,2.618264e-03,30,False
0,HBR,2002,1,cost,4.385673e-03,12,False
0,HBR,2002,2,product,4.048680e-03,16,False
0,HBR,2002,3,manager,3.901231e-03,19,False
0,HBR,2002,4,stock,3.516220e-03,23,False
0,HBR,2002,5,reduce,3.255984e-03,24,False
0,HBR,2002,6,revenue,3.220055e-03,25,False
0,HBR,2002,7,share,3.169660e-03,27,False
0,HBR,2002,8,require,2.987048e-03,30,False
0,HBR,2007,1,price,5.458262e-03,12,False
0,HBR,2007,2,consumer,5.216538e-03,15,False
0,HBR,2007,3,sale,4.777195e-03,20,False
0,HBR,2007,4,industry,4.466682e-03,24,False
0,HBR,2007,5,base,4.190614e-03,26,False
0,HBR,2007,6,investment,4.179479e-03,27,False
0,HBR,2007,7,share,3.994251e-03,28,False
0,HBR,2007,8,result,3.965039e-03,30,False
0,HBR,2012,1,cost,3.133783e-03,13,False
0,HBR,2012,2,product,3.129537e-03,14,False
0,HBR,2012,3,customer,2.644954e-03,19,False
0,HBR,2012,4,management,2.426241e-03,24,False
0,HBR,2012,5,consumer,2.365168e-03,26,False
0,HBR,2012,6,corporate,2.342367e-03,27,False
0,HBR,2012,7,return,2.293519e-03,28,False
0,HBR,2012,8,build,2.292993e-03,29,False
0,HBR,2012,9,manager,2.242154e-03,30,False
0,HBR,2017,1,customer,4.145222e-03,23,False
0,HBR,2017,2,cost,3.546081e-03,30,False
0,ILR,1922,1,wage,4.895030e-03,15,False
0,ILR,1922,2,rate,4.677685e-03,16,False
0,ILR,1922,3,number,3.959559e-03,19,False
0,ILR,1922,4,factory,3.676468e-03,22,False
0,ILR,1922,5,exchange,3.661835e-03,23,False
0,ILR,1922,6,period,3.591377e-03,24,False
0,ILR,1922,7,export,3.468993e-03,27,False
0,ILR,1922,8,reduce,3.416084e-03,29,False
0,ILR,1927,1,wage,6.607353e-03,11,False
0,ILR,1927,2,labor,5.880301e-03,16,False
0,ILR,1927,3,earning,4.571390e-03,25,False
0,ILR,1927,4,condition,4.414435e-03,26,False
0,ILR,1927,5,economic,4.044842e-03,27,False
0,ILR,1927,6,figure,3.937470e-03,29,False
0,ILR,1927,7,farm,3.827523e-03,30,False
0,ILR,1932,1,wage,6.983364e-03,16,False
0,ILR,1932,2,number,6.721275e-03,19,False
0,ILR,1932,3,worker,6.611262e-03,20,False
0,ILR,1932,4,labor,6.596144e-03,21,False
0,ILR,1932,5,country,6.563574e-03,22,False
0,ILR,1932,6,follow,5.786423e-03,28,False
0,ILR,1937,1,wage,7.173667e-03,13,False
0,ILR,1937,2,rate,7.060813e-03,15,False
0,ILR,1937,3,period,5.940218e-03,18,False
0,ILR,1937,4,number,5.748672e-03,20,False
0,ILR,1937,5,income,5.220203e-03,24,False
0,ILR,1937,6,group,4.813041e-03,26,False
0,ILR,1937,7,follow,4.808912e-03,27,False
0,ILR,1937,8,cent,4.685031e-03,28,False
0,ILR,1937,9,consumption,4.607934e-03,30,False
0,ILR,1942,1,period,6.931919e-03,10,False
0,ILR,1942,2,income,6.730042e-03,12,False
0,ILR,1942,3,wage,6.041658e-03,15,False
0,ILR,1942,4,total,5.900687e-03,16,False
0,ILR,1942,5,condition,5.800199e-03,17,False
0,ILR,1942,6,worker,4.999106e-03,22,False
0,ILR,1942,7,consumption,4.790431e-03,24,False
0,ILR,1942,8,number,4.615699e-03,25,False
0,ILR,1942,9,economic,4.596091e-03,26,False
0,ILR,1942,10,effect,4.580801e-03,27,False
0,ILR,1942,11,country,4.341948e-03,28,False
0,ILR,1942,12,method,4.250569e-03,29,False
0,ILR,1942,13,provide,4.235236e-03,30,False
0,ILR,1947,1,wage,8.407873e-03,8,False
0,ILR,1947,2,number,6.626827e-03,10,False
0,ILR,1947,3,worker,6.463912e-03,12,False
0,ILR,1947,4,country,6.032520e-03,14,False
0,ILR,1947,5,period,5.711737e-03,17,False
0,ILR,1947,6,labor,5.533095e-03,18,False
0,ILR,1947,7,cent,5.208870e-03,21,False
0,ILR,1947,8,estimate,4.662791e-03,24,False
0,ILR,1947,9,method,4.406326e-03,29,False
0,ILR,1947,10,economic,4.371592e-03,30,False
0,ILR,1952,1,worker,1.038003e-02,6,False
0,ILR,1952,2,labor,8.852969e-03,10,False
0,ILR,1952,3,country,8.515620e-03,11,False
0,ILR,1952,4,wage,6.991596e-03,18,False
0,ILR,1952,5,total,5.728468e-03,20,False
0,ILR,1952,6,output,5.569970e-03,21,False
0,ILR,1952,7,method,5.186159e-03,23,False
0,ILR,1952,8,follow,5.085311e-03,24,False
0,ILR,1952,9,cent,4.906856e-03,25,False
0,ILR,1952,10,economic,4.882625e-03,28,False
0,ILR,1952,11,income,4.842773e-03,29,False
0,ILR,1957,1,rate,1.242969e-02,3,False
0,ILR,1957,2,total,1.225108e-02,4,False
0,ILR,1957,3,income,1.136938e-02,5,False
0,ILR,1957,4,worker,7.187120e-03,12,False
0,ILR,1957,5,estimate,7.020590e-03,14,False
0,ILR,1957,6,level,6.930356e-03,15,False
0,ILR,1957,7,base,6.605752e-03,17,False
0,ILR,1957,8,country,6.497240e-03,19,False
0,ILR,1957,9,work,6.141000e-03,21,False
0,ILR,1957,10,period,5.914422e-03,24,False
0,ILR,1957,11,wage,5.753453e-03,25,False
0,ILR,1957,12,number,5.703896e-03,26,False
0,ILR,1957,13,labor,5.510934e-03,27,False
0,ILR,1957,14,policy,5.381438e-03,29,False
0,ILR,1957,15,low,5.314210e-03,30,False
0,ILR,1962,1,rate,1.183196e-02,2,False
0,ILR,1962,2,country,7.424784e-03,8,False
0,ILR,1962,3,number,7.044234e-03,9,False
0,ILR,1962,4,total,6.767225e-03,10,False
0,ILR,1962,5,worker,6.622506e-03,12,False
0,ILR,1962,6,labor,6.442069e-03,15,False
0,ILR,1962,7,follow,5.483672e-03,21,False
0,ILR,1962,8,production,5.471859e-03,22,False
0,ILR,1962,9,period,5.281616e-03,23,False
0,ILR,1962,10,include,5.265184e-03,24,False
0,ILR,1962,11,group,4.814083e-03,26,False
0,ILR,1962,12,cent,4.661677e-03,29,False
0,ILR,1962,13,effect,4.544234e-03,30,False
0,ILR,1967,1,number,8.440407e-03,6,False
0,ILR,1967,2,base,7.464441e-03,13,False
0,ILR,1967,3,average,7.125487e-03,14,False
0,ILR,1967,4,estimate,6.934598e-03,15,False
0,ILR,1967,5,country,6.758626e-03,17,False
0,ILR,1967,6,include,6.410678e-03,19,False
0,ILR,1967,7,labor,6.052379e-03,20,False
0,ILR,1967,8,worker,5.712391e-03,24,False
0,ILR,1967,9,price,5.540812e-03,25,False
0,ILR,1967,10,pay,4.714173e-03,29,False
0,ILR,1967,11,income,4.682852e-03,30,False
0,ILR,1972,1,income,8.291867e-03,10,False
0,ILR,1972,2,number,8.283090e-03,11,False
0,ILR,1972,3,country,8.183186e-03,13,False
0,ILR,1972,4,total,7.809273e-03,15,False
0,ILR,1972,5,period,5.587443e-03,19,False
0,ILR,1972,6,labor,5.283706e-03,21,False
0,ILR,1972,7,include,5.264995e-03,22,False
0,ILR,1972,8,base,5.179625e-03,24,False
0,ILR,1972,9,low,4.876990e-03,28,False
0,ILR,1972,10,show,4.792561e-03,29,False
0,ILR,1972,11,worker,4.516826e-03,30,False
0,ILR,1977,1,income,6.670010e-03,12,False
0,ILR,1977,2,policy,5.448282e-03,21,False
0,ILR,1977,3,effect,4.946783e-03,22,False
0,ILR,1977,4,reduce,4.824497e-03,25,False
0,ILR,1977,5,country,4.690902e-03,27,False
0,ILR,1977,6,total,4.386012e-03,28,False
0,ILR,1977,7,service,4.244010e-03,30,False
0,ILR,1982,1,level,5.635722e-03,13,False
0,ILR,1982,2,worker,5.272318e-03,16,False
0,ILR,1982,3,policy,4.845529e-03,20,False
0,ILR,1982,4,number,4.633716e-03,21,False
0,ILR,1982,5,change,4.357000e-03,25,False
0,ILR,1982,6,include,4.200817e-03,28,False
0,ILR,1982,7,result,4.054093e-03,29,False
0,ILR,1987,1,rate,6.256996e-03,10,False
0,ILR,1987,2,level,5.252964e-03,17,False
0,ILR,1987,3,policy,5.207139e-03,18,False
0,ILR,1987,4,case,4.497400e-03,19,False
0,ILR,1987,5,trade,4.203140e-03,22,False
0,ILR,1987,6,group,4.008087e-03,23,False
0,ILR,1987,7,demand,3.971450e-03,24,False
0,ILR,1987,8,reduce,3.637222e-03,26,False
0,ILR,1987,9,base,3.618694e-03,27,False
0,ILR,1987,10,develop,3.577506e-03,29,False
0,ILR,1992,1,policy,4.277781e-03,18,False
0,ILR,1992,2,labor,4.199621e-03,20,False
0,ILR,1992,3,increase,4.022586e-03,23,False
0,ILR,1992,4,economic,4.015341e-03,24,False
0,ILR,1992,5,price,3.776935e-03,28,False
0,ILR,1992,6,income,3.711099e-03,29,False
0,ILR,1992,7,case,3.652346e-03,30,False
0,ILR,1997,1,system,3.458267e-03,18,False
0,ILR,1997,2,profit,2.683787e-03,21,False
0,ILR,1997,3,change,2.643434e-03,22,False
0,ILR,1997,4,relationship,2.639248e-03,23,False
0,ILR,1997,5,price,2.570889e-03,25,False
0,ILR,1997,6,organization,2.563538e-03,26,False
0,ILR,1997,7,quality,2.401663e-03,29,False
0,ILR,1997,8,result,2.383056e-03,30,False
0,ILR,2002,1,level,3.537528e-03,23,False
0,ILR,2002,2,country,3.504864e-03,24,False
0,ILR,2002,3,reduce,3.393647e-03,26,False
0,ILR,2002,4,study,3.335829e-03,27,False
0,ILR,2002,5,cost,3.160751e-03,29,False
0,ILR,2002,6,labor,3.127998e-03,30,False
0,ILR,2007,1,industry,4.984076e-03,18,False
0,ILR,2007,2,result,4.695969e-03,20,False
0,ILR,2007,3,base,4.543091e-03,21,False
0,ILR,2007,4,group,4.469585e-03,22,False
0,ILR,2007,5,price,4.433519e-03,23,False
0,ILR,2007,6,low,4.124944e-03,27,False
0,ILR,2007,7,demand,3.944579e-03,28,False
0,ILR,2012,1,social,2.777024e-03,14,False
0,ILR,2012,2,worker,2.440215e-03,16,False
0,ILR,2012,3,cost,2.398653e-03,17,False
0,ILR,2012,4,rate,2.382780e-03,18,False
0,ILR,2012,5,labor,2.324802e-03,20,False
0,ILR,2012,6,base,2.193987e-03,23,False
0,ILR,2012,7,year,2.155943e-03,25,False
0,ILR,2012,8,job,2.113239e-03,26,False
0,ILR,2012,9,group,2.099331e-03,27,False
0,ILR,2012,10,country,2.033926e-03,28,False
0,ILR,2012,11,payment,2.030394e-03,29,False
0,ILR,2012,12,member,2.010500e-03,30,False
0,ILR,2017,1,country,4.725771e-03,12,False
0,ILR,2017,2,level,4.413899e-03,16,False
0,ILR,2017,3,increase,4.018989e-03,18,False
0,ILR,2017,4,social,3.806113e-03,22,False
0,ILR,2017,5,worker,3.673261e-03,26,False
0,ILR,2017,6,pay,3.667913e-03,27,False
